animal_event_id,group_event_id,animal_id,group_id,date,training_day,event_time,event_type,audio_cue,pulse_delivered,audio_only,previous_direct_exposures,initiator_id,data_complete
AE00001,GE0001,C008,G1,2026-09-01,1,16:23:13,Direct,1,1,0,0,C008,1
AE00002,GE0001,C004,G1,2026-09-01,1,16:23:13,Social,0,0,,,C008,1
AE00003,GE0002,C004,G1,2026-09-01,1,10:34:41,Direct,1,1,0,0,C004,1
AE00004,GE0003,C017,G2,2026-09-01,1,06:40:57,Direct,1,0,1,0,C017,1
AE00010,GE0006,C017,G2,2026-09-01,1,14:02:58,Social,0,0,,,C016,1
AE00013,GE0007,C017,G2,2026-09-01,1,18:20:07,Social,0,0,,,C014,1
AE00021,GE0010,C017,G2,2026-09-01,1,18:50:56,Social,0,0,,,C023,1
AE00022,GE0011,C017,G2,2026-09-01,1,07:38:17,Direct,1,0,1,1,C017,1
AE00038,GE0017,C017,G2,2026-09-01,1,07:49:00,Social,0,0,,,C023,1
AE00052,GE0021,C017,G2,2026-09-01,1,10:07:39,Social,0,0,,,C021,1
AE00049,GE0020,C015,G2,2026-09-01,1,08:23:45,Direct,1,0,1,0,C015,0
AE00006,GE0004,C014,G2,2026-09-01,1,14:13:17,Direct,1,0,1,0,C014,1
AE00011,GE0007,C014,G2,2026-09-01,1,18:20:07,Direct,1,0,1,1,C014,1
AE00026,GE0012,C014,G2,2026-09-01,1,11:24:32,Social,0,0,,,C023,1
AE00028,GE0013,C014,G2,2026-09-01,1,15:36:37,Direct,1,1,0,2,C014,1
AE00045,GE0019,C014,G2,2026-09-01,1,13:42:50,Social,0,0,,,C019,1
AE00007,GE0004,C018,G2,2026-09-01,1,14:13:17,Social,0,0,,,C014,1
AE00014,GE0007,C018,G2,2026-09-01,1,18:20:07,Social,0,0,,,C014,1
AE00039,GE0017,C018,G2,2026-09-01,1,07:49:00,Social,0,0,,,C023,1
AE00008,GE0005,C022,G2,2026-09-01,1,18:40:11,Direct,1,1,0,0,C022,1
AE00015,GE0007,C022,G2,2026-09-01,1,18:20:07,Social,0,0,,,C014,1
AE00018,GE0009,C022,G2,2026-09-01,1,10:06:03,Direct,1,1,0,1,C022,1
AE00009,GE0006,C016,G2,2026-09-01,1,14:02:58,Direct,1,1,0,0,C016,1
AE00017,GE0008,C016,G2,2026-09-01,1,14:27:16,Social,0,0,,,C023,1
AE00036,GE0016,C016,G2,2026-09-01,1,08:15:13,Social,0,0,,,C019,1
AE00042,GE0018,C016,G2,2026-09-01,1,08:50:17,Social,0,0,,,C023,1
AE00046,GE0019,C016,G2,2026-09-01,1,13:42:50,Social,0,0,,,C019,1
AE00016,GE0008,C023,G2,2026-09-01,1,14:27:16,Direct,1,1,0,0,C023,1
AE00020,GE0010,C023,G2,2026-09-01,1,18:50:56,Direct,1,0,1,1,C023,1
AE00025,GE0012,C023,G2,2026-09-01,1,11:24:32,Direct,1,1,0,2,C023,1
AE00033,GE0015,C023,G2,2026-09-01,1,16:27:39,Social,0,0,,,C019,1
AE00037,GE0017,C023,G2,2026-09-01,1,07:49:00,Direct,1,1,0,3,C023,1
AE00040,GE0018,C023,G2,2026-09-01,1,08:50:17,Direct,1,0,1,4,C023,1
AE00019,GE0009,C024,G2,2026-09-01,1,10:06:03,Social,0,0,,,C022,1
AE00024,GE0011,C024,G2,2026-09-01,1,07:38:17,Social,0,0,,,C017,1
AE00027,GE0012,C024,G2,2026-09-01,1,11:24:32,Social,0,0,,,C023,1
AE00048,GE0019,C024,G2,2026-09-01,1,13:42:50,Social,0,0,,,C019,1
AE00050,GE0020,C024,G2,2026-09-01,1,08:23:45,Social,0,0,,,C015,1
AE00023,GE0011,C013,G2,2026-09-01,1,07:38:17,Social,0,0,,,C017,1
AE00031,GE0015,C013,G2,2026-09-01,1,16:27:39,Social,0,0,,,C019,1
AE00035,GE0016,C013,G2,2026-09-01,1,08:15:13,Social,0,0,,,C019,1
AE00041,GE0018,C013,G2,2026-09-01,1,08:50:17,Social,0,0,,,C023,1
AE00029,GE0014,C021,G2,2026-09-01,1,11:39:44,Direct,1,0,1,0,C021,1
AE00032,GE0015,C021,G2,2026-09-01,1,16:27:39,Social,0,0,,,C019,1
AE00043,GE0018,C021,G2,2026-09-01,1,08:50:17,Social,0,0,,,C023,1
AE00047,GE0019,C021,G2,2026-09-01,1,13:42:50,Social,0,0,,,C019,1
AE00051,GE0021,C021,G2,2026-09-01,1,10:07:39,Direct,1,1,0,1,C021,1
AE00030,GE0015,C019,G2,2026-09-01,1,16:27:39,Direct,1,1,0,0,C019,1
AE00034,GE0016,C019,G2,2026-09-01,1,08:15:13,Direct,1,1,0,1,C019,1
AE00044,GE0019,C019,G2,2026-09-01,1,13:42:50,Direct,1,0,1,2,C019,1
AE00053,GE0022,C036,G3,2026-09-01,1,09:03:41,Direct,1,1,0,0,C036,1
AE00054,GE0022,C025,G3,2026-09-01,1,09:03:41,Social,0,0,,,C036,0
AE00055,GE0022,C033,G3,2026-09-01,1,09:03:41,Social,0,0,,,C036,1
AE00056,GE0023,C035,G3,2026-09-01,1,15:11:00,Direct,1,1,0,0,C035,1
AE00057,GE0023,C026,G3,2026-09-01,1,15:11:00,Social,0,0,,,C035,1
AE00058,GE0024,C029,G3,2026-09-01,1,15:19:52,Direct,1,1,0,0,C029,1
AE00059,GE0025,C045,G4,2026-09-01,1,15:09:22,Direct,1,1,0,0,C045,1
AE00066,GE0028,C045,G4,2026-09-01,1,18:18:43,Direct,1,0,1,1,C045,1
AE00071,GE0031,C045,G4,2026-09-01,1,06:08:15,Social,0,0,,,C046,1
AE00073,GE0032,C045,G4,2026-09-01,1,10:36:55,Social,0,0,,,C043,1
AE00060,GE0025,C040,G4,2026-09-01,1,15:09:22,Social,0,0,,,C045,1
AE00061,GE0026,C047,G4,2026-09-01,1,09:15:04,Direct,1,1,0,0,C047,1
AE00062,GE0026,C037,G4,2026-09-01,1,09:15:04,Social,0,0,,,C047,1
AE00063,GE0026,C046,G4,2026-09-01,1,09:15:04,Social,0,0,,,C047,1
AE00069,GE0031,C046,G4,2026-09-01,1,06:08:15,Direct,1,0,1,0,C046,1
AE00064,GE0027,C043,G4,2026-09-01,1,18:57:09,Direct,1,1,0,0,C043,1
AE00072,GE0032,C043,G4,2026-09-01,1,10:36:55,Direct,1,1,0,1,C043,1
AE00065,GE0027,C041,G4,2026-09-01,1,18:57:09,Social,0,0,,,C043,1
AE00067,GE0029,C038,G4,2026-09-01,1,08:58:36,Direct,1,1,0,0,C038,1
AE00068,GE0030,C042,G4,2026-09-01,1,16:33:21,Direct,1,1,0,0,C042,1
AE00070,GE0031,C044,G4,2026-09-01,1,06:08:15,Social,0,0,,,C046,1
AE00074,GE0033,C057,G5,2026-09-01,1,17:10:26,Direct,1,1,0,0,C057,0
AE00077,GE0035,C057,G5,2026-09-01,1,13:17:39,Direct,1,0,1,1,C057,0
AE00086,GE0040,C057,G5,2026-09-01,1,15:57:55,Direct,1,0,1,3,C057,0
AE00090,GE0042,C053,G5,2026-09-01,1,08:44:52,Direct,1,1,0,0,C053,0
AE00076,GE0034,C059,G5,2026-09-01,1,15:59:55,Direct,1,0,1,0,C059,1
AE00082,GE0037,C059,G5,2026-09-01,1,18:25:08,Social,0,0,,,C054,1
AE00085,GE0039,C059,G5,2026-09-01,1,14:43:20,Social,0,0,,,C051,1
AE00089,GE0041,C059,G5,2026-09-01,1,16:35:24,Social,0,0,,,C051,1
AE00079,GE0036,C060,G5,2026-09-01,1,11:32:49,Social,0,0,,,C057,1
AE00080,GE0037,C054,G5,2026-09-01,1,18:25:08,Direct,1,0,1,0,C054,1
AE00081,GE0037,C049,G5,2026-09-01,1,18:25:08,Social,0,0,,,C054,1
AE00091,GE0042,C049,G5,2026-09-01,1,08:44:52,Social,0,0,,,C053,1
AE00083,GE0038,C051,G5,2026-09-01,1,18:58:59,Direct,1,1,0,0,C051,1
AE00084,GE0039,C051,G5,2026-09-01,1,14:43:20,Direct,1,0,1,1,C051,1
AE00087,GE0041,C051,G5,2026-09-01,1,16:35:24,Direct,1,1,0,2,C051,1
AE00092,GE0042,C056,G5,2026-09-01,1,08:44:52,Social,0,0,,,C053,1
AE00093,GE0043,C071,G6,2026-09-01,1,09:29:29,Direct,1,1,0,0,C071,1
AE00094,GE0044,C071,G6,2026-09-01,1,08:37:41,Direct,1,1,0,1,C071,1
AE00095,GE0045,C066,G6,2026-09-01,1,12:59:39,Direct,1,1,0,0,C066,1
AE00096,GE0045,C062,G6,2026-09-01,1,12:59:39,Social,0,0,,,C066,1
AE00097,GE0045,C063,G6,2026-09-01,1,12:59:39,Social,0,0,,,C066,1
AE00098,GE0046,C006,G1,2026-09-02,2,17:37:51,Direct,1,1,0,0,C006,1
AE00103,GE0048,C006,G1,2026-09-02,2,12:32:32,Social,0,0,,,C002,1
AE00106,GE0049,C006,G1,2026-09-02,2,06:48:14,Direct,1,1,0,1,C006,1
AE00108,GE0050,C006,G1,2026-09-02,2,16:50:07,Direct,1,0,1,2,C006,1
AE00110,GE0052,C006,G1,2026-09-02,2,18:45:37,Direct,1,0,1,3,C006,1
AE00099,GE0047,C008,G1,2026-09-02,2,08:18:27,Direct,1,1,0,1,C008,1
AE00100,GE0047,C010,G1,2026-09-02,2,08:18:27,Social,0,0,,,C008,1
AE00104,GE0048,C010,G1,2026-09-02,2,12:32:32,Social,0,0,,,C002,1
AE00101,GE0047,C012,G1,2026-09-02,2,08:18:27,Social,0,0,,,C008,1
AE00105,GE0048,C012,G1,2026-09-02,2,12:32:32,Social,0,0,,,C002,1
AE00102,GE0048,C002,G1,2026-09-02,2,12:32:32,Direct,1,0,1,0,C002,1
AE00107,GE0049,C002,G1,2026-09-02,2,06:48:14,Social,0,0,,,C006,1
AE00111,GE0052,C002,G1,2026-09-02,2,18:45:37,Social,0,0,,,C006,1
AE00109,GE0051,C011,G1,2026-09-02,2,09:53:00,Direct,1,1,0,0,C011,1
AE00112,GE0053,C017,G2,2026-09-02,2,14:27:34,Direct,1,1,0,2,C017,1
AE00115,GE0054,C017,G2,2026-09-02,2,18:18:55,Direct,1,0,1,3,C017,1
AE00118,GE0056,C017,G2,2026-09-02,2,13:41:30,Direct,1,0,1,4,C017,1
AE00113,GE0053,C016,G2,2026-09-02,2,14:27:34,Social,0,0,,,C017,1
AE00123,GE0058,C016,G2,2026-09-02,2,14:10:40,Direct,1,1,0,1,C016,1
AE00126,GE0059,C016,G2,2026-09-02,2,09:21:29,Direct,1,0,1,2,C016,1
AE00114,GE0053,C023,G2,2026-09-02,2,14:27:34,Social,0,0,,,C017,1
AE00117,GE0055,C023,G2,2026-09-02,2,06:34:29,Social,0,0,,,C014,1
AE00116,GE0055,C014,G2,2026-09-02,2,06:34:29,Direct,1,0,1,3,C014,1
AE00121,GE0057,C014,G2,2026-09-02,2,13:22:00,Social,0,0,,,C015,1
AE00119,GE0056,C018,G2,2026-09-02,2,13:41:30,Social,0,0,,,C017,1
AE00120,GE0057,C015,G2,2026-09-02,2,13:22:00,Direct,1,0,1,1,C015,1
AE00122,GE0057,C024,G2,2026-09-02,2,13:22:00,Social,0,0,,,C015,1
AE00125,GE0058,C024,G2,2026-09-02,2,14:10:40,Social,0,0,,,C016,1
AE00124,GE0058,C020,G2,2026-09-02,2,14:10:40,Social,0,0,,,C016,1
AE00127,GE0060,C036,G3,2026-09-02,2,16:35:30,Direct,1,1,0,1,C036,1
AE00136,GE0063,C036,G3,2026-09-02,2,15:50:38,Direct,1,0,1,2,C036,1
AE00140,GE0064,C036,G3,2026-09-02,2,17:31:53,Direct,1,0,1,3,C036,1
AE00128,GE0060,C032,G3,2026-09-02,2,16:35:30,Social,0,0,,,C036,1
AE00148,GE0065,C032,G3,2026-09-02,2,08:02:31,Social,0,0,,,C028,1
AE00129,GE0060,C033,G3,2026-09-02,2,16:35:30,Social,0,0,,,C036,1
AE00132,GE0061,C033,G3,2026-09-02,2,10:56:40,Social,0,0,,,C031,1
AE00130,GE0061,C031,G3,2026-09-02,2,10:56:40,Direct,1,0,1,0,C031,1
AE00139,GE0063,C031,G3,2026-09-02,2,15:50:38,Social,0,0,,,C036,1
AE00147,GE0065,C031,G3,2026-09-02,2,08:02:31,Social,0,0,,,C028,1
AE00131,GE0061,C029,G3,2026-09-02,2,10:56:40,Social,0,0,,,C031,1
AE00134,GE0062,C029,G3,2026-09-02,2,06:44:06,Direct,1,0,1,1,C029,1
AE00138,GE0063,C029,G3,2026-09-02,2,15:50:38,Social,0,0,,,C036,1
AE00141,GE0064,C029,G3,2026-09-02,2,17:31:53,Social,0,0,,,C036,1
AE00146,GE0065,C029,G3,2026-09-02,2,08:02:31,Social,0,0,,,C028,1
AE00149,GE0066,C029,G3,2026-09-02,2,11:04:51,Direct,1,0,1,2,C029,1
AE00133,GE0061,C035,G3,2026-09-02,2,10:56:40,Social,0,0,,,C031,1
AE00135,GE0062,C034,G3,2026-09-02,2,06:44:06,Social,0,0,,,C029,1
AE00143,GE0064,C034,G3,2026-09-02,2,17:31:53,Social,0,0,,,C036,1
AE00152,GE0067,C034,G3,2026-09-02,2,13:55:37,Social,0,0,,,C026,1
AE00137,GE0063,C026,G3,2026-09-02,2,15:50:38,Social,0,0,,,C036,1
AE00145,GE0065,C026,G3,2026-09-02,2,08:02:31,Social,0,0,,,C028,1
AE00151,GE0067,C026,G3,2026-09-02,2,13:55:37,Direct,1,1,0,0,C026,1
AE00142,GE0064,C030,G3,2026-09-02,2,17:31:53,Social,0,0,,,C036,1
AE00144,GE0065,C028,G3,2026-09-02,2,08:02:31,Direct,1,0,1,0,C028,1
AE00150,GE0066,C027,G3,2026-09-02,2,11:04:51,Social,0,0,,,C029,1
AE00153,GE0068,C041,G4,2026-09-02,2,18:16:27,Direct,1,0,1,0,C041,1
AE00154,GE0068,C039,G4,2026-09-02,2,18:16:27,Social,0,0,,,C041,1
AE00155,GE0069,C058,G5,2026-09-02,2,17:53:33,Direct,1,1,0,0,C058,1
AE00156,GE0069,C056,G5,2026-09-02,2,17:53:33,Social,0,0,,,C058,1
AE00161,GE0071,C056,G5,2026-09-02,2,16:24:51,Social,0,0,,,C053,1
AE00172,GE0076,C056,G5,2026-09-02,2,11:37:33,Social,0,0,,,C051,1
AE00157,GE0070,C057,G5,2026-09-02,2,13:31:15,Direct,1,0,1,4,C057,1
AE00163,GE0072,C057,G5,2026-09-02,2,09:13:40,Social,0,0,,,C051,1
AE00158,GE0070,C054,G5,2026-09-02,2,13:31:15,Social,0,0,,,C057,1
AE00159,GE0071,C053,G5,2026-09-02,2,16:24:51,Direct,1,0,1,1,C053,1
AE00164,GE0073,C053,G5,2026-09-02,2,10:55:02,Direct,1,0,1,2,C053,1
AE00165,GE0074,C053,G5,2026-09-02,2,10:32:05,Direct,1,1,0,3,C053,1
AE00160,GE0071,C049,G5,2026-09-02,2,16:24:51,Social,0,0,,,C053,1
AE00162,GE0072,C051,G5,2026-09-02,2,09:13:40,Direct,1,0,1,3,C051,1
AE00167,GE0075,C051,G5,2026-09-02,2,07:47:20,Social,0,0,,,C059,1
AE00169,GE0076,C051,G5,2026-09-02,2,11:37:33,Direct,1,1,0,4,C051,1
AE00166,GE0075,C059,G5,2026-09-02,2,07:47:20,Direct,1,1,0,1,C059,1
AE00168,GE0075,C052,G5,2026-09-02,2,07:47:20,Social,0,0,,,C059,1
AE00171,GE0076,C052,G5,2026-09-02,2,11:37:33,Social,0,0,,,C051,1
AE00170,GE0076,C050,G5,2026-09-02,2,11:37:33,Social,0,0,,,C051,1
AE00173,GE0077,C071,G6,2026-09-02,2,17:56:28,Direct,1,1,0,2,C071,1
AE00178,GE0078,C071,G6,2026-09-02,2,14:44:55,Social,0,0,,,C069,1
AE00179,GE0079,C071,G6,2026-09-02,2,09:53:10,Direct,1,0,1,3,C071,1
AE00183,GE0081,C071,G6,2026-09-02,2,11:09:19,Direct,1,0,1,4,C071,1
AE00185,GE0082,C071,G6,2026-09-02,2,10:15:04,Direct,1,0,1,5,C071,1
AE00195,GE0086,C071,G6,2026-09-02,2,16:05:11,Direct,1,0,1,6,C071,1
AE00200,GE0087,C071,G6,2026-09-02,2,09:24:39,Social,0,0,,,C069,1
AE00212,GE0093,C071,G6,2026-09-02,2,10:22:11,Direct,1,0,1,7,C071,1
AE00174,GE0077,C061,G6,2026-09-02,2,17:56:28,Social,0,0,,,C071,1
AE00182,GE0080,C061,G6,2026-09-02,2,12:55:11,Direct,1,0,1,0,C061,1
AE00204,GE0089,C061,G6,2026-09-02,2,11:38:53,Direct,1,0,1,1,C061,1
AE00175,GE0077,C065,G6,2026-09-02,2,17:56:28,Social,0,0,,,C071,1
AE00181,GE0079,C065,G6,2026-09-02,2,09:53:10,Social,0,0,,,C071,1
AE00191,GE0084,C065,G6,2026-09-02,2,11:40:00,Direct,1,1,0,0,C065,1
AE00197,GE0086,C065,G6,2026-09-02,2,16:05:11,Social,0,0,,,C071,1
AE00206,GE0089,C065,G6,2026-09-02,2,11:38:53,Social,0,0,,,C061,1
AE00208,GE0091,C065,G6,2026-09-02,2,12:46:40,Direct,1,0,1,1,C065,1
AE00176,GE0077,C069,G6,2026-09-02,2,17:56:28,Social,0,0,,,C071,1
AE00177,GE0078,C069,G6,2026-09-02,2,14:44:55,Direct,1,1,0,0,C069,1
AE00187,GE0083,C069,G6,2026-09-02,2,18:04:32,Direct,1,0,1,1,C069,1
AE00198,GE0087,C069,G6,2026-09-02,2,09:24:39,Direct,1,0,1,2,C069,1
AE00207,GE0090,C069,G6,2026-09-02,2,15:24:45,Direct,1,0,1,3,C069,1
AE00211,GE0092,C069,G6,2026-09-02,2,10:46:58,Direct,1,0,1,4,C069,1
AE00180,GE0079,C063,G6,2026-09-02,2,09:53:10,Social,0,0,,,C071,1
AE00188,GE0083,C063,G6,2026-09-02,2,18:04:32,Social,0,0,,,C069,1
AE00196,GE0086,C063,G6,2026-09-02,2,16:05:11,Social,0,0,,,C071,1
AE00205,GE0089,C063,G6,2026-09-02,2,11:38:53,Social,0,0,,,C061,1
AE00184,GE0081,C064,G6,2026-09-02,2,11:09:19,Social,0,0,,,C071,1
AE00189,GE0083,C064,G6,2026-09-02,2,18:04:32,Social,0,0,,,C069,1
AE00186,GE0082,C072,G6,2026-09-02,2,10:15:04,Social,0,0,,,C071,1
AE00190,GE0083,C072,G6,2026-09-02,2,18:04:32,Social,0,0,,,C069,1
AE00194,GE0085,C072,G6,2026-09-02,2,18:05:26,Social,0,0,,,C062,1
AE00203,GE0088,C072,G6,2026-09-02,2,09:15:15,Social,0,0,,,C066,1
AE00192,GE0085,C062,G6,2026-09-02,2,18:05:26,Direct,1,1,0,0,C062,1
AE00209,GE0091,C062,G6,2026-09-02,2,12:46:40,Social,0,0,,,C065,1
AE00193,GE0085,C070,G6,2026-09-02,2,18:05:26,Social,0,0,,,C062,1
AE00199,GE0087,C070,G6,2026-09-02,2,09:24:39,Social,0,0,,,C069,1
AE00202,GE0088,C070,G6,2026-09-02,2,09:15:15,Social,0,0,,,C066,1
AE00201,GE0088,C066,G6,2026-09-02,2,09:15:15,Direct,1,1,0,1,C066,1
AE00210,GE0091,C066,G6,2026-09-02,2,12:46:40,Social,0,0,,,C065,1
AE00213,GE0093,C068,G6,2026-09-02,2,10:22:11,Social,0,0,,,C071,1
AE00214,GE0094,C011,G1,2026-09-03,3,06:52:31,Direct,1,1,0,1,C011,1
AE00215,GE0094,C002,G1,2026-09-03,3,06:52:31,Social,0,0,,,C011,0
AE00226,GE0098,C002,G1,2026-09-03,3,14:05:53,Social,0,0,,,C007,0
AE00216,GE0094,C003,G1,2026-09-03,3,06:52:31,Social,0,0,,,C011,1
AE00229,GE0100,C003,G1,2026-09-03,3,12:09:12,Social,0,0,,,C002,1
AE00217,GE0095,C006,G1,2026-09-03,3,10:02:16,Direct,1,0,1,4,C006,1
AE00222,GE0096,C006,G1,2026-09-03,3,15:10:11,Social,0,0,,,C009,1
AE00218,GE0095,C004,G1,2026-09-03,3,10:02:16,Social,0,0,,,C006,1
AE00221,GE0096,C004,G1,2026-09-03,3,15:10:11,Social,0,0,,,C009,1
AE00230,GE0100,C004,G1,2026-09-03,3,12:09:12,Social,0,0,,,C002,1
AE00219,GE0095,C008,G1,2026-09-03,3,10:02:16,Social,0,0,,,C006,1
AE00223,GE0097,C008,G1,2026-09-03,3,08:03:37,Direct,1,1,0,2,C008,1
AE00235,GE0102,C008,G1,2026-09-03,3,12:17:45,Social,0,0,,,C001,1
AE00220,GE0096,C009,G1,2026-09-03,3,15:10:11,Direct,1,0,1,0,C009,1
AE00232,GE0101,C009,G1,2026-09-03,3,13:58:49,Social,0,0,,,C002,1
AE00224,GE0097,C001,G1,2026-09-03,3,08:03:37,Social,0,0,,,C008,1
AE00233,GE0102,C001,G1,2026-09-03,3,12:17:45,Direct,1,0,1,0,C001,1
AE00225,GE0098,C007,G1,2026-09-03,3,14:05:53,Direct,1,0,1,0,C007,1
AE00227,GE0099,C007,G1,2026-09-03,3,14:42:40,Direct,1,0,1,1,C007,1
AE00234,GE0102,C005,G1,2026-09-03,3,12:17:45,Social,0,0,,,C001,1
AE00236,GE0102,C012,G1,2026-09-03,3,12:17:45,Social,0,0,,,C001,1
AE00237,GE0103,C013,G2,2026-09-03,3,13:21:34,Direct,1,0,1,0,C013,1
AE00238,GE0103,C016,G2,2026-09-03,3,13:21:34,Social,0,0,,,C013,1
AE00252,GE0110,C016,G2,2026-09-03,3,11:37:38,Social,0,0,,,C024,1
AE00257,GE0112,C016,G2,2026-09-03,3,15:03:58,Social,0,0,,,C024,1
AE00263,GE0115,C016,G2,2026-09-03,3,17:44:28,Direct,1,0,1,3,C016,1
AE00239,GE0103,C024,G2,2026-09-03,3,13:21:34,Social,0,0,,,C013,1
AE00242,GE0104,C024,G2,2026-09-03,3,07:00:34,Social,0,0,,,C023,1
AE00251,GE0110,C024,G2,2026-09-03,3,11:37:38,Direct,1,1,0,0,C024,1
AE00256,GE0112,C024,G2,2026-09-03,3,15:03:58,Direct,1,1,0,1,C024,1
AE00240,GE0104,C023,G2,2026-09-03,3,07:00:34,Direct,1,0,1,5,C023,1
AE00246,GE0107,C023,G2,2026-09-03,3,10:32:28,Direct,1,0,1,6,C023,1
AE00249,GE0108,C023,G2,2026-09-03,3,17:12:32,Direct,1,0,1,7,C023,1
AE00259,GE0113,C023,G2,2026-09-03,3,18:15:44,Direct,1,0,1,8,C023,1
AE00241,GE0104,C021,G2,2026-09-03,3,07:00:34,Social,0,0,,,C023,1
AE00258,GE0112,C021,G2,2026-09-03,3,15:03:58,Social,0,0,,,C024,1
AE00243,GE0105,C014,G2,2026-09-03,3,12:34:52,Direct,1,0,1,4,C014,0
AE00244,GE0106,C019,G2,2026-09-03,3,16:33:34,Direct,1,1,0,3,C019,1
AE00253,GE0110,C019,G2,2026-09-03,3,11:37:38,Social,0,0,,,C024,1
AE00262,GE0114,C019,G2,2026-09-03,3,09:13:09,Social,0,0,,,C020,1
AE00245,GE0106,C017,G2,2026-09-03,3,16:33:34,Social,0,0,,,C019,1
AE00250,GE0109,C017,G2,2026-09-03,3,18:39:42,Direct,1,0,1,5,C017,1
AE00264,GE0115,C017,G2,2026-09-03,3,17:44:28,Social,0,0,,,C016,1
AE00248,GE0107,C015,G2,2026-09-03,3,10:32:28,Social,0,0,,,C023,1
AE00255,GE0111,C015,G2,2026-09-03,3,08:48:48,Social,0,0,,,C020,1
AE00260,GE0113,C015,G2,2026-09-03,3,18:15:44,Social,0,0,,,C023,1
AE00254,GE0111,C020,G2,2026-09-03,3,08:48:48,Direct,1,0,1,0,C020,1
AE00261,GE0114,C020,G2,2026-09-03,3,09:13:09,Direct,1,1,0,1,C020,1
AE00265,GE0116,C035,G3,2026-09-03,3,06:26:14,Direct,1,0,1,1,C035,1
AE00267,GE0117,C035,G3,2026-09-03,3,10:20:18,Social,0,0,,,C032,1
AE00271,GE0120,C035,G3,2026-09-03,3,12:42:47,Direct,1,1,0,2,C035,1
AE00274,GE0121,C035,G3,2026-09-03,3,18:58:41,Social,0,0,,,C029,1
AE00276,GE0122,C035,G3,2026-09-03,3,09:51:41,Social,0,0,,,C036,1
AE00277,GE0123,C035,G3,2026-09-03,3,09:21:19,Direct,1,1,0,3,C035,1
AE00266,GE0117,C032,G3,2026-09-03,3,10:20:18,Direct,1,1,0,0,C032,1
AE00268,GE0117,C036,G3,2026-09-03,3,10:20:18,Social,0,0,,,C032,1
AE00275,GE0122,C036,G3,2026-09-03,3,09:51:41,Direct,1,0,1,4,C036,1
AE00280,GE0124,C036,G3,2026-09-03,3,11:30:15,Social,0,0,,,C026,1
AE00269,GE0118,C031,G3,2026-09-03,3,06:18:30,Direct,1,1,0,1,C031,1
AE00270,GE0119,C029,G3,2026-09-03,3,07:40:34,Direct,1,0,1,3,C029,1
AE00273,GE0121,C029,G3,2026-09-03,3,18:58:41,Direct,1,0,1,4,C029,1
AE00272,GE0120,C026,G3,2026-09-03,3,12:42:47,Social,0,0,,,C035,0
AE00278,GE0123,C034,G3,2026-09-03,3,09:21:19,Social,0,0,,,C035,0
AE00281,GE0125,C039,G4,2026-09-03,3,15:11:25,Direct,1,0,1,0,C039,1
AE00284,GE0126,C039,G4,2026-09-03,3,18:40:14,Direct,1,1,0,1,C039,1
AE00288,GE0129,C039,G4,2026-09-03,3,16:16:25,Direct,1,0,1,2,C039,1
AE00282,GE0125,C044,G4,2026-09-03,3,15:11:25,Social,0,0,,,C039,1
AE00283,GE0125,C047,G4,2026-09-03,3,15:11:25,Social,0,0,,,C039,1
AE00285,GE0126,C043,G4,2026-09-03,3,18:40:14,Social,0,0,,,C039,1
AE00286,GE0127,C045,G4,2026-09-03,3,06:14:09,Direct,1,0,1,2,C045,1
AE00291,GE0131,C045,G4,2026-09-03,3,06:41:42,Social,0,0,,,C040,1
AE00287,GE0128,C040,G4,2026-09-03,3,11:13:29,Direct,1,1,0,0,C040,1
AE00290,GE0131,C040,G4,2026-09-03,3,06:41:42,Direct,1,1,0,1,C040,1
AE00289,GE0130,C046,G4,2026-09-03,3,16:39:27,Direct,1,1,0,1,C046,1
AE00292,GE0131,C046,G4,2026-09-03,3,06:41:42,Social,0,0,,,C040,1
AE00293,GE0132,C054,G5,2026-09-03,3,08:29:38,Direct,1,1,0,1,C054,1
AE00300,GE0134,C054,G5,2026-09-03,3,06:07:04,Direct,1,0,1,2,C054,1
AE00294,GE0132,C050,G5,2026-09-03,3,08:29:38,Social,0,0,,,C054,0
AE00295,GE0132,C053,G5,2026-09-03,3,08:29:38,Social,0,0,,,C054,1
AE00298,GE0133,C053,G5,2026-09-03,3,07:19:49,Direct,1,0,1,4,C053,1
AE00296,GE0132,C055,G5,2026-09-03,3,08:29:38,Social,0,0,,,C054,1
AE00297,GE0132,C059,G5,2026-09-03,3,08:29:38,Social,0,0,,,C054,1
AE00299,GE0133,C049,G5,2026-09-03,3,07:19:49,Social,0,0,,,C053,1
AE00301,GE0134,C056,G5,2026-09-03,3,06:07:04,Social,0,0,,,C054,1
AE00302,GE0134,C057,G5,2026-09-03,3,06:07:04,Social,0,0,,,C054,1
AE00304,GE0135,C057,G5,2026-09-03,3,16:18:46,Direct,1,0,1,5,C057,1
AE00303,GE0134,C060,G5,2026-09-03,3,06:07:04,Social,0,0,,,C054,1
AE00316,GE0141,C071,G6,2026-09-03,3,17:29:21,Direct,1,0,1,11,C071,0
AE00306,GE0136,C065,G6,2026-09-03,3,12:40:43,Social,0,0,,,C071,1
AE00307,GE0136,C066,G6,2026-09-03,3,12:40:43,Social,0,0,,,C071,1
AE00308,GE0137,C063,G6,2026-09-03,3,12:34:06,Direct,1,1,0,0,C063,1
AE00311,GE0138,C063,G6,2026-09-03,3,18:11:11,Social,0,0,,,C071,1
AE00309,GE0137,C061,G6,2026-09-03,3,12:34:06,Social,0,0,,,C063,1
AE00312,GE0139,C069,G6,2026-09-03,3,15:01:48,Direct,1,0,1,5,C069,1
AE00313,GE0139,C064,G6,2026-09-03,3,15:01:48,Social,0,0,,,C069,1
AE00315,GE0140,C067,G6,2026-09-03,3,09:00:11,Social,0,0,,,C071,1
AE00318,GE0141,C067,G6,2026-09-03,3,17:29:21,Social,0,0,,,C071,1
AE00317,GE0141,C062,G6,2026-09-03,3,17:29:21,Social,0,0,,,C071,1
AE00319,GE0141,C070,G6,2026-09-03,3,17:29:21,Social,0,0,,,C071,1
AE00320,GE0142,C004,G1,2026-09-04,4,16:44:22,Direct,1,0,1,1,C004,1
AE00321,GE0142,C005,G1,2026-09-04,4,16:44:22,Social,0,0,,,C004,1
AE00322,GE0143,C008,G1,2026-09-04,4,18:10:13,Direct,1,0,1,3,C008,1
AE00323,GE0144,C006,G1,2026-09-04,4,16:32:54,Direct,1,0,1,5,C006,1
AE00324,GE0144,C011,G1,2026-09-04,4,16:32:54,Social,0,0,,,C006,1
AE00325,GE0145,C017,G2,2026-09-04,4,16:47:32,Direct,1,0,1,6,C017,1
AE00326,GE0145,C016,G2,2026-09-04,4,16:47:32,Social,0,0,,,C017,1
AE00327,GE0145,C018,G2,2026-09-04,4,16:47:32,Social,0,0,,,C017,1
AE00330,GE0146,C018,G2,2026-09-04,4,16:43:07,Social,0,0,,,C014,1
AE00328,GE0146,C014,G2,2026-09-04,4,16:43:07,Direct,1,0,1,5,C014,1
AE00329,GE0146,C015,G2,2026-09-04,4,16:43:07,Social,0,0,,,C014,1
AE00331,GE0146,C022,G2,2026-09-04,4,16:43:07,Social,0,0,,,C014,1
AE00332,GE0147,C031,G3,2026-09-04,4,09:07:13,Direct,1,1,0,2,C031,1
AE00333,GE0148,C036,G3,2026-09-04,4,18:03:44,Direct,1,0,1,5,C036,1
AE00334,GE0149,C038,G4,2026-09-04,4,06:10:27,Direct,1,1,0,1,C038,1
AE00336,GE0150,C038,G4,2026-09-04,4,14:44:34,Direct,1,0,1,2,C038,1
AE00335,GE0149,C039,G4,2026-09-04,4,06:10:27,Social,0,0,,,C038,1
AE00337,GE0150,C042,G4,2026-09-04,4,14:44:34,Social,0,0,,,C038,1
AE00338,GE0151,C053,G5,2026-09-04,4,12:58:22,Direct,1,0,1,5,C053,1
AE00339,GE0152,C053,G5,2026-09-04,4,17:20:03,Direct,1,0,1,6,C053,1
AE00345,GE0155,C053,G5,2026-09-04,4,18:06:47,Social,0,0,,,C059,1
AE00340,GE0152,C051,G5,2026-09-04,4,17:20:03,Social,0,0,,,C053,1
AE00341,GE0152,C060,G5,2026-09-04,4,17:20:03,Social,0,0,,,C053,1
AE00342,GE0153,C058,G5,2026-09-04,4,14:14:54,Direct,1,0,1,1,C058,1
AE00343,GE0154,C059,G5,2026-09-04,4,15:00:03,Direct,1,0,1,2,C059,1
AE00344,GE0155,C059,G5,2026-09-04,4,18:06:47,Direct,1,0,1,3,C059,1
AE00346,GE0155,C054,G5,2026-09-04,4,18:06:47,Social,0,0,,,C059,1
AE00347,GE0155,C056,G5,2026-09-04,4,18:06:47,Social,0,0,,,C059,1
AE00348,GE0156,C050,G5,2026-09-04,4,06:35:49,Direct,1,0,1,0,C050,1
AE00349,GE0157,C050,G5,2026-09-04,4,07:27:18,Direct,1,0,1,1,C050,1
AE00350,GE0157,C057,G5,2026-09-04,4,07:27:18,Social,0,0,,,C050,1
AE00351,GE0158,C071,G6,2026-09-04,4,18:33:40,Direct,1,0,1,12,C071,1
AE00352,GE0159,C071,G6,2026-09-04,4,09:14:18,Direct,1,0,1,13,C071,1
AE00353,GE0159,C069,G6,2026-09-04,4,09:14:18,Social,0,0,,,C071,1
AE00354,GE0160,C067,G6,2026-09-04,4,12:19:53,Direct,1,0,1,0,C067,1
AE00355,GE0161,C011,G1,2026-09-05,5,07:08:45,Direct,1,1,0,2,C011,1
AE00356,GE0162,C011,G1,2026-09-05,5,13:45:26,Direct,1,0,1,3,C011,1
AE00357,GE0163,C024,G2,2026-09-05,5,07:23:53,Direct,1,0,1,2,C024,1
AE00358,GE0163,C020,G2,2026-09-05,5,07:23:53,Social,0,0,,,C024,1
AE00360,GE0164,C020,G2,2026-09-05,5,09:43:18,Social,0,0,,,C017,1
AE00363,GE0165,C020,G2,2026-09-05,5,16:36:43,Social,0,0,,,C016,1
AE00359,GE0164,C017,G2,2026-09-05,5,09:43:18,Direct,1,1,0,7,C017,1
AE00366,GE0168,C017,G2,2026-09-05,5,12:03:34,Direct,1,1,0,8,C017,1
AE00369,GE0169,C017,G2,2026-09-05,5,07:35:40,Direct,1,0,1,9,C017,1
AE00361,GE0165,C016,G2,2026-09-05,5,16:36:43,Direct,1,0,1,4,C016,0
AE00362,GE0165,C013,G2,2026-09-05,5,16:36:43,Social,0,0,,,C016,1
AE00364,GE0166,C023,G2,2026-09-05,5,18:00:59,Direct,1,0,1,9,C023,1
AE00371,GE0169,C023,G2,2026-09-05,5,07:35:40,Social,0,0,,,C017,1
AE00365,GE0167,C019,G2,2026-09-05,5,07:45:45,Direct,1,0,1,4,C019,1
AE00368,GE0168,C022,G2,2026-09-05,5,12:03:34,Social,0,0,,,C017,0
AE00370,GE0169,C014,G2,2026-09-05,5,07:35:40,Social,0,0,,,C017,1
AE00372,GE0170,C028,G3,2026-09-05,5,14:49:30,Direct,1,1,0,1,C028,1
AE00379,GE0172,C028,G3,2026-09-05,5,08:34:19,Social,0,0,,,C031,1
AE00373,GE0171,C027,G3,2026-09-05,5,06:51:27,Direct,1,0,1,0,C027,1
AE00374,GE0171,C025,G3,2026-09-05,5,06:51:27,Social,0,0,,,C027,1
AE00378,GE0172,C025,G3,2026-09-05,5,08:34:19,Social,0,0,,,C031,1
AE00375,GE0171,C026,G3,2026-09-05,5,06:51:27,Social,0,0,,,C027,1
AE00376,GE0171,C029,G3,2026-09-05,5,06:51:27,Social,0,0,,,C027,1
AE00377,GE0172,C031,G3,2026-09-05,5,08:34:19,Direct,1,1,0,3,C031,0
AE00380,GE0172,C035,G3,2026-09-05,5,08:34:19,Social,0,0,,,C031,1
AE00381,GE0173,C038,G4,2026-09-05,5,15:13:30,Direct,1,0,1,3,C038,1
AE00382,GE0173,C039,G4,2026-09-05,5,15:13:30,Social,0,0,,,C038,1
AE00386,GE0175,C039,G4,2026-09-05,5,12:25:10,Direct,1,0,1,3,C039,1
AE00383,GE0173,C046,G4,2026-09-05,5,15:13:30,Social,0,0,,,C038,1
AE00391,GE0177,C046,G4,2026-09-05,5,06:19:34,Direct,1,0,1,2,C046,1
AE00384,GE0174,C040,G4,2026-09-05,5,09:27:48,Direct,1,1,0,2,C040,1
AE00389,GE0176,C040,G4,2026-09-05,5,17:06:44,Social,0,0,,,C048,1
AE00385,GE0174,C043,G4,2026-09-05,5,09:27:48,Social,0,0,,,C040,1
AE00387,GE0175,C047,G4,2026-09-05,5,12:25:10,Social,0,0,,,C039,1
AE00388,GE0176,C048,G4,2026-09-05,5,17:06:44,Direct,1,0,1,0,C048,1
AE00390,GE0176,C044,G4,2026-09-05,5,17:06:44,Social,0,0,,,C048,1
AE00392,GE0177,C042,G4,2026-09-05,5,06:19:34,Social,0,0,,,C046,1
AE00393,GE0178,C053,G5,2026-09-05,5,07:04:27,Direct,1,0,1,7,C053,1
AE00394,GE0178,C051,G5,2026-09-05,5,07:04:27,Social,0,0,,,C053,1
AE00398,GE0180,C051,G5,2026-09-05,5,16:10:26,Direct,1,0,1,5,C051,1
AE00395,GE0178,C058,G5,2026-09-05,5,07:04:27,Social,0,0,,,C053,1
AE00404,GE0182,C058,G5,2026-09-05,5,10:44:43,Social,0,0,,,C057,1
AE00396,GE0179,C050,G5,2026-09-05,5,16:25:28,Direct,1,0,1,2,C050,1
AE00400,GE0181,C050,G5,2026-09-05,5,11:52:18,Social,0,0,,,C052,1
AE00405,GE0183,C050,G5,2026-09-05,5,08:40:54,Direct,1,0,1,3,C050,1
AE00397,GE0179,C057,G5,2026-09-05,5,16:25:28,Social,0,0,,,C050,1
AE00403,GE0182,C057,G5,2026-09-05,5,10:44:43,Direct,1,0,1,6,C057,1
AE00399,GE0181,C052,G5,2026-09-05,5,11:52:18,Direct,1,1,0,0,C052,1
AE00401,GE0181,C055,G5,2026-09-05,5,11:52:18,Social,0,0,,,C052,1
AE00402,GE0181,C056,G5,2026-09-05,5,11:52:18,Social,0,0,,,C052,1
AE00415,GE0187,C071,G6,2026-09-05,5,10:11:32,Social,0,0,,,C069,0
AE00419,GE0189,C071,G6,2026-09-05,5,17:24:02,Direct,1,0,1,16,C071,0
AE00407,GE0184,C065,G6,2026-09-05,5,11:52:42,Social,0,0,,,C071,1
AE00409,GE0185,C065,G6,2026-09-05,5,08:39:20,Social,0,0,,,C064,1
AE00414,GE0187,C065,G6,2026-09-05,5,10:11:32,Social,0,0,,,C069,1
AE00408,GE0185,C064,G6,2026-09-05,5,08:39:20,Direct,1,0,1,0,C064,1
AE00412,GE0186,C064,G6,2026-09-05,5,15:41:02,Social,0,0,,,C069,1
AE00420,GE0189,C064,G6,2026-09-05,5,17:24:02,Social,0,0,,,C071,1
AE00423,GE0190,C064,G6,2026-09-05,5,06:23:33,Social,0,0,,,C063,1
AE00410,GE0185,C066,G6,2026-09-05,5,08:39:20,Social,0,0,,,C064,1
AE00411,GE0186,C069,G6,2026-09-05,5,15:41:02,Direct,1,0,1,6,C069,1
AE00413,GE0187,C069,G6,2026-09-05,5,10:11:32,Direct,1,0,1,7,C069,1
AE00417,GE0188,C062,G6,2026-09-05,5,07:08:09,Social,0,0,,,C071,1
AE00422,GE0190,C062,G6,2026-09-05,5,06:23:33,Social,0,0,,,C063,1
AE00418,GE0188,C067,G6,2026-09-05,5,07:08:09,Social,0,0,,,C071,1
AE00421,GE0190,C063,G6,2026-09-05,5,06:23:33,Direct,1,0,1,1,C063,1
AE00424,GE0191,C011,G1,2026-09-06,6,08:40:21,Direct,1,0,1,4,C011,1
AE00435,GE0196,C011,G1,2026-09-06,6,16:09:49,Direct,1,0,1,5,C011,1
AE00440,GE0198,C011,G1,2026-09-06,6,17:57:03,Direct,1,0,1,6,C011,1
AE00459,GE0204,C011,G1,2026-09-06,6,09:15:27,Direct,1,1,0,7,C011,1
AE00464,GE0207,C011,G1,2026-09-06,6,18:50:53,Direct,1,0,1,8,C011,1
AE00467,GE0208,C011,G1,2026-09-06,6,13:06:08,Direct,1,0,1,9,C011,1
AE00425,GE0191,C002,G1,2026-09-06,6,08:40:21,Social,0,0,,,C011,1
AE00429,GE0193,C002,G1,2026-09-06,6,09:54:53,Social,0,0,,,C010,1
AE00446,GE0199,C002,G1,2026-09-06,6,17:02:06,Social,0,0,,,C003,1
AE00452,GE0201,C002,G1,2026-09-06,6,13:18:04,Social,0,0,,,C001,1
AE00426,GE0191,C008,G1,2026-09-06,6,08:40:21,Social,0,0,,,C011,1
AE00434,GE0195,C008,G1,2026-09-06,6,17:40:11,Direct,1,0,1,4,C008,1
AE00438,GE0197,C008,G1,2026-09-06,6,07:35:35,Direct,1,0,1,5,C008,1
AE00442,GE0198,C008,G1,2026-09-06,6,17:57:03,Social,0,0,,,C011,1
AE00427,GE0192,C001,G1,2026-09-06,6,13:45:41,Direct,1,0,1,1,C001,1
AE00449,GE0200,C001,G1,2026-09-06,6,07:00:18,Social,0,0,,,C003,1
AE00451,GE0201,C001,G1,2026-09-06,6,13:18:04,Direct,1,0,1,2,C001,1
AE00455,GE0202,C001,G1,2026-09-06,6,11:08:37,Social,0,0,,,C006,1
AE00461,GE0206,C001,G1,2026-09-06,6,17:43:51,Direct,1,1,0,3,C001,1
AE00465,GE0207,C001,G1,2026-09-06,6,18:50:53,Social,0,0,,,C011,1
AE00428,GE0193,C010,G1,2026-09-06,6,09:54:53,Direct,1,0,1,0,C010,1
AE00437,GE0196,C010,G1,2026-09-06,6,16:09:49,Social,0,0,,,C011,1
AE00443,GE0198,C010,G1,2026-09-06,6,17:57:03,Social,0,0,,,C011,1
AE00450,GE0200,C010,G1,2026-09-06,6,07:00:18,Social,0,0,,,C003,1
AE00430,GE0193,C006,G1,2026-09-06,6,09:54:53,Social,0,0,,,C010,1
AE00441,GE0198,C006,G1,2026-09-06,6,17:57:03,Social,0,0,,,C011,1
AE00453,GE0201,C006,G1,2026-09-06,6,13:18:04,Social,0,0,,,C001,1
AE00454,GE0202,C006,G1,2026-09-06,6,11:08:37,Direct,1,1,0,6,C006,1
AE00456,GE0203,C006,G1,2026-09-06,6,16:21:56,Direct,1,0,1,7,C006,1
AE00431,GE0194,C009,G1,2026-09-06,6,16:31:17,Direct,1,1,0,1,C009,1
AE00460,GE0205,C009,G1,2026-09-06,6,12:52:02,Direct,1,0,1,2,C009,1
AE00468,GE0208,C009,G1,2026-09-06,6,13:06:08,Social,0,0,,,C011,1
AE00470,GE0209,C009,G1,2026-09-06,6,10:47:42,Social,0,0,,,C007,1
AE00432,GE0194,C003,G1,2026-09-06,6,16:31:17,Social,0,0,,,C009,1
AE00445,GE0199,C003,G1,2026-09-06,6,17:02:06,Direct,1,0,1,0,C003,1
AE00448,GE0200,C003,G1,2026-09-06,6,07:00:18,Direct,1,0,1,1,C003,1
AE00466,GE0207,C003,G1,2026-09-06,6,18:50:53,Social,0,0,,,C011,1
AE00433,GE0194,C012,G1,2026-09-06,6,16:31:17,Social,0,0,,,C009,1
AE00444,GE0198,C012,G1,2026-09-06,6,17:57:03,Social,0,0,,,C011,1
AE00463,GE0206,C012,G1,2026-09-06,6,17:43:51,Social,0,0,,,C001,1
AE00436,GE0196,C004,G1,2026-09-06,6,16:09:49,Social,0,0,,,C011,1
AE00447,GE0199,C004,G1,2026-09-06,6,17:02:06,Social,0,0,,,C003,1
AE00462,GE0206,C004,G1,2026-09-06,6,17:43:51,Social,0,0,,,C001,1
AE00439,GE0197,C007,G1,2026-09-06,6,07:35:35,Social,0,0,,,C008,1
AE00458,GE0203,C007,G1,2026-09-06,6,16:21:56,Social,0,0,,,C006,1
AE00469,GE0209,C007,G1,2026-09-06,6,10:47:42,Direct,1,0,1,2,C007,1
AE00457,GE0203,C005,G1,2026-09-06,6,16:21:56,Social,0,0,,,C006,1
AE00471,GE0210,C023,G2,2026-09-06,6,12:31:39,Direct,1,0,1,10,C023,1
AE00479,GE0215,C023,G2,2026-09-06,6,16:23:25,Direct,1,0,1,11,C023,1
AE00491,GE0220,C023,G2,2026-09-06,6,10:20:38,Direct,1,0,1,12,C023,1
AE00497,GE0222,C023,G2,2026-09-06,6,17:08:18,Social,0,0,,,C020,1
AE00501,GE0224,C023,G2,2026-09-06,6,12:53:40,Social,0,0,,,C013,1
AE00496,GE0222,C022,G2,2026-09-06,6,17:08:18,Social,0,0,,,C020,0
AE00481,GE0215,C014,G2,2026-09-06,6,16:23:25,Social,0,0,,,C023,0
AE00483,GE0216,C014,G2,2026-09-06,6,15:43:34,Direct,1,0,1,7,C014,0
AE00475,GE0213,C019,G2,2026-09-06,6,17:40:08,Direct,1,1,0,5,C019,1
AE00476,GE0214,C019,G2,2026-09-06,6,10:20:01,Direct,1,0,1,6,C019,1
AE00486,GE0217,C019,G2,2026-09-06,6,09:47:28,Social,0,0,,,C013,1
AE00493,GE0221,C019,G2,2026-09-06,6,12:49:18,Direct,1,0,1,7,C019,1
AE00498,GE0223,C019,G2,2026-09-06,6,17:42:45,Direct,1,0,1,8,C019,1
AE00477,GE0214,C015,G2,2026-09-06,6,10:20:01,Social,0,0,,,C019,1
AE00490,GE0219,C015,G2,2026-09-06,6,12:02:42,Social,0,0,,,C017,1
AE00503,GE0225,C015,G2,2026-09-06,6,13:49:36,Social,0,0,,,C017,1
AE00507,GE0226,C015,G2,2026-09-06,6,10:39:45,Direct,1,0,1,2,C015,1
AE00478,GE0214,C018,G2,2026-09-06,6,10:20:01,Social,0,0,,,C019,1
AE00482,GE0215,C018,G2,2026-09-06,6,16:23:25,Social,0,0,,,C023,1
AE00505,GE0225,C018,G2,2026-09-06,6,13:49:36,Social,0,0,,,C017,1
AE00480,GE0215,C013,G2,2026-09-06,6,16:23:25,Social,0,0,,,C023,1
AE00484,GE0217,C013,G2,2026-09-06,6,09:47:28,Direct,1,0,1,1,C013,1
AE00499,GE0224,C013,G2,2026-09-06,6,12:53:40,Direct,1,0,1,2,C013,1
AE00485,GE0217,C017,G2,2026-09-06,6,09:47:28,Social,0,0,,,C013,1
AE00489,GE0219,C017,G2,2026-09-06,6,12:02:42,Direct,1,1,0,10,C017,1
AE00502,GE0225,C017,G2,2026-09-06,6,13:49:36,Direct,1,0,1,11,C017,1
AE00487,GE0218,C016,G2,2026-09-06,6,12:49:14,Direct,1,0,1,5,C016,1
AE00492,GE0220,C016,G2,2026-09-06,6,10:20:38,Social,0,0,,,C023,1
AE00495,GE0222,C016,G2,2026-09-06,6,17:08:18,Social,0,0,,,C020,1
AE00504,GE0225,C016,G2,2026-09-06,6,13:49:36,Social,0,0,,,C017,1
AE00494,GE0222,C020,G2,2026-09-06,6,17:08:18,Direct,1,0,1,2,C020,1
AE00500,GE0224,C020,G2,2026-09-06,6,12:53:40,Social,0,0,,,C013,1
AE00506,GE0225,C020,G2,2026-09-06,6,13:49:36,Social,0,0,,,C017,1
AE00508,GE0226,C020,G2,2026-09-06,6,10:39:45,Social,0,0,,,C015,1
AE00509,GE0227,C029,G3,2026-09-06,6,11:21:13,Direct,1,0,1,5,C029,1
AE00518,GE0229,C029,G3,2026-09-06,6,16:25:26,Social,0,0,,,C036,1
AE00523,GE0231,C029,G3,2026-09-06,6,15:08:11,Social,0,0,,,C025,1
AE00530,GE0233,C029,G3,2026-09-06,6,18:46:18,Direct,1,0,1,6,C029,1
AE00510,GE0227,C028,G3,2026-09-06,6,11:21:13,Social,0,0,,,C029,1
AE00515,GE0228,C028,G3,2026-09-06,6,12:39:02,Social,0,0,,,C036,1
AE00511,GE0227,C031,G3,2026-09-06,6,11:21:13,Social,0,0,,,C029,1
AE00528,GE0232,C031,G3,2026-09-06,6,06:18:09,Social,0,0,,,C036,1
AE00531,GE0233,C031,G3,2026-09-06,6,18:46:18,Social,0,0,,,C029,1
AE00512,GE0227,C032,G3,2026-09-06,6,11:21:13,Social,0,0,,,C029,1
AE00529,GE0232,C032,G3,2026-09-06,6,06:18:09,Social,0,0,,,C036,1
AE00534,GE0235,C032,G3,2026-09-06,6,06:35:08,Social,0,0,,,C036,1
AE00513,GE0227,C034,G3,2026-09-06,6,11:21:13,Social,0,0,,,C029,1
AE00524,GE0231,C034,G3,2026-09-06,6,15:08:11,Social,0,0,,,C025,1
AE00514,GE0228,C036,G3,2026-09-06,6,12:39:02,Direct,1,0,1,6,C036,1
AE00517,GE0229,C036,G3,2026-09-06,6,16:25:26,Direct,1,0,1,7,C036,1
AE00519,GE0230,C036,G3,2026-09-06,6,09:23:38,Direct,1,0,1,8,C036,1
AE00525,GE0231,C036,G3,2026-09-06,6,15:08:11,Social,0,0,,,C025,1
AE00526,GE0232,C036,G3,2026-09-06,6,06:18:09,Direct,1,0,1,9,C036,1
AE00533,GE0235,C036,G3,2026-09-06,6,06:35:08,Direct,1,1,0,10,C036,1
AE00516,GE0228,C030,G3,2026-09-06,6,12:39:02,Social,0,0,,,C036,1
AE00520,GE0230,C033,G3,2026-09-06,6,09:23:38,Social,0,0,,,C036,1
AE00535,GE0235,C033,G3,2026-09-06,6,06:35:08,Social,0,0,,,C036,1
AE00521,GE0231,C025,G3,2026-09-06,6,15:08:11,Direct,1,0,1,0,C025,1
AE00527,GE0232,C025,G3,2026-09-06,6,06:18:09,Social,0,0,,,C036,1
AE00522,GE0231,C026,G3,2026-09-06,6,15:08:11,Social,0,0,,,C025,1
AE00532,GE0234,C026,G3,2026-09-06,6,14:31:15,Direct,1,1,0,2,C026,1
AE00536,GE0236,C038,G4,2026-09-06,6,11:28:39,Direct,1,1,0,4,C038,1
AE00537,GE0237,C050,G5,2026-09-06,6,15:44:58,Direct,1,0,1,4,C050,1
AE00559,GE0247,C050,G5,2026-09-06,6,16:38:21,Social,0,0,,,C051,1
AE00538,GE0237,C059,G5,2026-09-06,6,15:44:58,Social,0,0,,,C050,1
AE00539,GE0238,C057,G5,2026-09-06,6,09:29:37,Direct,1,0,1,7,C057,1
AE00546,GE0243,C057,G5,2026-09-06,6,18:00:42,Direct,1,0,1,8,C057,1
AE00551,GE0244,C057,G5,2026-09-06,6,12:51:25,Social,0,0,,,C053,1
AE00552,GE0245,C057,G5,2026-09-06,6,07:23:19,Direct,1,0,1,9,C057,1
AE00540,GE0238,C051,G5,2026-09-06,6,09:29:37,Social,0,0,,,C057,1
AE00543,GE0240,C051,G5,2026-09-06,6,18:29:59,Social,0,0,,,C054,1
AE00549,GE0244,C051,G5,2026-09-06,6,12:51:25,Social,0,0,,,C053,1
AE00558,GE0247,C051,G5,2026-09-06,6,16:38:21,Direct,1,0,1,6,C051,1
AE00541,GE0239,C053,G5,2026-09-06,6,15:46:52,Direct,1,0,1,8,C053,1
AE00544,GE0241,C053,G5,2026-09-06,6,12:40:06,Direct,1,0,1,9,C053,1
AE00545,GE0242,C053,G5,2026-09-06,6,06:11:01,Direct,1,0,1,10,C053,1
AE00548,GE0244,C053,G5,2026-09-06,6,12:51:25,Direct,1,0,1,11,C053,1
AE00542,GE0240,C054,G5,2026-09-06,6,18:29:59,Direct,1,0,1,3,C054,1
AE00557,GE0246,C054,G5,2026-09-06,6,09:26:59,Social,0,0,,,C052,1
AE00547,GE0243,C058,G5,2026-09-06,6,18:00:42,Social,0,0,,,C057,1
AE00554,GE0245,C058,G5,2026-09-06,6,07:23:19,Social,0,0,,,C057,1
AE00561,GE0247,C058,G5,2026-09-06,6,16:38:21,Social,0,0,,,C051,1
AE00560,GE0247,C056,G5,2026-09-06,6,16:38:21,Social,0,0,,,C051,0
AE00553,GE0245,C052,G5,2026-09-06,6,07:23:19,Social,0,0,,,C057,1
AE00556,GE0246,C052,G5,2026-09-06,6,09:26:59,Direct,1,0,1,1,C052,1
AE00555,GE0245,C060,G5,2026-09-06,6,07:23:19,Social,0,0,,,C057,1
AE00562,GE0248,C071,G6,2026-09-06,6,06:54:18,Direct,1,0,1,17,C071,1
AE00565,GE0250,C071,G6,2026-09-06,6,06:46:34,Direct,1,0,1,18,C071,1
AE00563,GE0249,C069,G6,2026-09-06,6,16:58:41,Direct,1,0,1,8,C069,1
AE00567,GE0250,C069,G6,2026-09-06,6,06:46:34,Social,0,0,,,C071,1
AE00569,GE0251,C069,G6,2026-09-06,6,14:10:21,Direct,1,0,1,9,C069,1
AE00571,GE0252,C069,G6,2026-09-06,6,17:13:36,Direct,1,0,1,10,C069,1
AE00564,GE0249,C063,G6,2026-09-06,6,16:58:41,Social,0,0,,,C069,1
AE00566,GE0250,C064,G6,2026-09-06,6,06:46:34,Social,0,0,,,C071,1
AE00573,GE0253,C064,G6,2026-09-06,6,12:43:05,Direct,1,0,1,1,C064,1
AE00574,GE0254,C064,G6,2026-09-06,6,10:29:47,Direct,1,1,0,2,C064,1
AE00568,GE0250,C070,G6,2026-09-06,6,06:46:34,Social,0,0,,,C071,1
AE00570,GE0251,C068,G6,2026-09-06,6,14:10:21,Social,0,0,,,C069,1
AE00572,GE0252,C062,G6,2026-09-06,6,17:13:36,Social,0,0,,,C069,1
AE00575,GE0255,C001,G1,2026-09-07,7,16:56:37,Direct,1,0,1,4,C001,1
AE00580,GE0256,C001,G1,2026-09-07,7,17:05:04,Social,0,0,,,C012,1
AE00584,GE0258,C001,G1,2026-09-07,7,08:12:09,Direct,1,0,1,5,C001,1
AE00599,GE0264,C001,G1,2026-09-07,7,17:02:32,Social,0,0,,,C011,1
AE00576,GE0255,C003,G1,2026-09-07,7,16:56:37,Social,0,0,,,C001,1
AE00587,GE0259,C003,G1,2026-09-07,7,11:23:29,Social,0,0,,,C006,1
AE00589,GE0260,C003,G1,2026-09-07,7,13:50:33,Direct,1,0,1,2,C003,1
AE00592,GE0261,C003,G1,2026-09-07,7,17:06:09,Social,0,0,,,C006,1
AE00577,GE0255,C005,G1,2026-09-07,7,16:56:37,Social,0,0,,,C001,1
AE00606,GE0267,C005,G1,2026-09-07,7,18:26:28,Social,0,0,,,C006,1
AE00578,GE0255,C011,G1,2026-09-07,7,16:56:37,Social,0,0,,,C001,1
AE00593,GE0261,C011,G1,2026-09-07,7,17:06:09,Social,0,0,,,C006,1
AE00598,GE0264,C011,G1,2026-09-07,7,17:02:32,Direct,1,0,1,10,C011,1
AE00600,GE0265,C011,G1,2026-09-07,7,07:23:57,Direct,1,0,1,11,C011,1
AE00579,GE0256,C012,G1,2026-09-07,7,17:05:04,Direct,1,0,1,0,C012,0
AE00594,GE0261,C012,G1,2026-09-07,7,17:06:09,Social,0,0,,,C006,0
AE00597,GE0263,C012,G1,2026-09-07,7,14:59:52,Direct,1,1,0,1,C012,0
AE00581,GE0257,C007,G1,2026-09-07,7,07:49:41,Direct,1,0,1,3,C007,1
AE00588,GE0259,C007,G1,2026-09-07,7,11:23:29,Social,0,0,,,C006,1
AE00582,GE0257,C002,G1,2026-09-07,7,07:49:41,Social,0,0,,,C007,1
AE00583,GE0257,C004,G1,2026-09-07,7,07:49:41,Social,0,0,,,C007,1
AE00585,GE0258,C006,G1,2026-09-07,7,08:12:09,Social,0,0,,,C001,1
AE00586,GE0259,C006,G1,2026-09-07,7,11:23:29,Direct,1,0,1,8,C006,1
AE00590,GE0260,C006,G1,2026-09-07,7,13:50:33,Social,0,0,,,C003,1
AE00591,GE0261,C006,G1,2026-09-07,7,17:06:09,Direct,1,0,1,9,C006,1
AE00605,GE0267,C006,G1,2026-09-07,7,18:26:28,Direct,1,0,1,10,C006,1
AE00607,GE0268,C006,G1,2026-09-07,7,12:32:12,Direct,1,0,1,11,C006,1
AE00595,GE0262,C009,G1,2026-09-07,7,06:06:58,Direct,1,1,0,3,C009,1
AE00602,GE0266,C009,G1,2026-09-07,7,07:33:11,Social,0,0,,,C008,1
AE00601,GE0266,C008,G1,2026-09-07,7,07:33:11,Direct,1,0,1,6,C008,1
AE00603,GE0266,C010,G1,2026-09-07,7,07:33:11,Social,0,0,,,C008,1
AE00608,GE0269,C019,G2,2026-09-07,7,13:43:52,Direct,1,0,1,9,C019,1
AE00609,GE0269,C013,G2,2026-09-07,7,13:43:52,Social,0,0,,,C019,1
AE00610,GE0269,C022,G2,2026-09-07,7,13:43:52,Social,0,0,,,C019,1
AE00611,GE0270,C029,G3,2026-09-07,7,06:30:20,Direct,1,0,1,7,C029,1
AE00615,GE0272,C029,G3,2026-09-07,7,17:08:37,Direct,1,0,1,8,C029,1
AE00619,GE0273,C029,G3,2026-09-07,7,17:09:10,Social,0,0,,,C026,1
AE00612,GE0270,C030,G3,2026-09-07,7,06:30:20,Social,0,0,,,C029,1
AE00613,GE0270,C036,G3,2026-09-07,7,06:30:20,Social,0,0,,,C029,1
AE00614,GE0271,C036,G3,2026-09-07,7,08:13:29,Direct,1,0,1,11,C036,1
AE00617,GE0272,C036,G3,2026-09-07,7,17:08:37,Social,0,0,,,C029,1
AE00616,GE0272,C034,G3,2026-09-07,7,17:08:37,Social,0,0,,,C029,1
AE00618,GE0273,C026,G3,2026-09-07,7,17:09:10,Direct,1,0,1,3,C026,1
AE00620,GE0274,C033,G3,2026-09-07,7,16:14:59,Direct,1,1,0,0,C033,1
AE00621,GE0274,C025,G3,2026-09-07,7,16:14:59,Social,0,0,,,C033,1
AE00622,GE0274,C035,G3,2026-09-07,7,16:14:59,Social,0,0,,,C033,1
AE00623,GE0275,C038,G4,2026-09-07,7,07:18:31,Direct,1,1,0,5,C038,1
AE00632,GE0279,C038,G4,2026-09-07,7,06:44:21,Direct,1,0,1,6,C038,1
AE00642,GE0283,C038,G4,2026-09-07,7,18:25:33,Direct,1,0,1,7,C038,1
AE00656,GE0291,C038,G4,2026-09-07,7,15:27:14,Direct,1,0,1,8,C038,1
AE00624,GE0275,C039,G4,2026-09-07,7,07:18:31,Social,0,0,,,C038,1
AE00633,GE0279,C039,G4,2026-09-07,7,06:44:21,Social,0,0,,,C038,1
AE00646,GE0285,C039,G4,2026-09-07,7,17:28:26,Direct,1,0,1,4,C039,1
AE00650,GE0287,C039,G4,2026-09-07,7,08:58:56,Social,0,0,,,C041,1
AE00652,GE0288,C039,G4,2026-09-07,7,13:42:10,Social,0,0,,,C045,1
AE00625,GE0275,C041,G4,2026-09-07,7,07:18:31,Social,0,0,,,C038,1
AE00638,GE0280,C041,G4,2026-09-07,7,06:20:34,Social,0,0,,,C048,1
AE00649,GE0287,C041,G4,2026-09-07,7,08:58:56,Direct,1,0,1,1,C041,1
AE00626,GE0276,C045,G4,2026-09-07,7,13:54:24,Direct,1,0,1,3,C045,1
AE00627,GE0277,C045,G4,2026-09-07,7,17:46:06,Direct,1,0,1,4,C045,1
AE00651,GE0288,C045,G4,2026-09-07,7,13:42:10,Direct,1,0,1,5,C045,1
AE00653,GE0289,C045,G4,2026-09-07,7,13:21:54,Direct,1,0,1,6,C045,1
AE00654,GE0290,C045,G4,2026-09-07,7,10:37:16,Direct,1,0,1,7,C045,1
AE00657,GE0291,C045,G4,2026-09-07,7,15:27:14,Social,0,0,,,C038,1
AE00628,GE0278,C046,G4,2026-09-07,7,18:38:27,Direct,1,0,1,3,C046,1
AE00641,GE0282,C046,G4,2026-09-07,7,16:34:03,Direct,1,0,1,4,C046,1
AE00647,GE0286,C046,G4,2026-09-07,7,14:42:04,Direct,1,1,0,5,C046,1
AE00655,GE0290,C046,G4,2026-09-07,7,10:37:16,Social,0,0,,,C045,1
AE00629,GE0278,C040,G4,2026-09-07,7,18:38:27,Social,0,0,,,C046,1
AE00637,GE0280,C040,G4,2026-09-07,7,06:20:34,Social,0,0,,,C048,1
AE00630,GE0278,C043,G4,2026-09-07,7,18:38:27,Social,0,0,,,C046,1
AE00644,GE0284,C043,G4,2026-09-07,7,13:23:26,Direct,1,0,1,2,C043,1
AE00648,GE0286,C043,G4,2026-09-07,7,14:42:04,Social,0,0,,,C046,1
AE00631,GE0278,C047,G4,2026-09-07,7,18:38:27,Social,0,0,,,C046,1
AE00639,GE0280,C047,G4,2026-09-07,7,06:20:34,Social,0,0,,,C048,1
AE00658,GE0291,C047,G4,2026-09-07,7,15:27:14,Social,0,0,,,C038,1
AE00634,GE0279,C042,G4,2026-09-07,7,06:44:21,Social,0,0,,,C038,1
AE00640,GE0281,C042,G4,2026-09-07,7,16:54:14,Direct,1,1,0,1,C042,1
AE00643,GE0283,C042,G4,2026-09-07,7,18:25:33,Social,0,0,,,C038,1
AE00635,GE0280,C048,G4,2026-09-07,7,06:20:34,Direct,1,0,1,1,C048,1
AE00645,GE0284,C048,G4,2026-09-07,7,13:23:26,Social,0,0,,,C043,1
AE00636,GE0280,C037,G4,2026-09-07,7,06:20:34,Social,0,0,,,C048,1
AE00659,GE0292,C049,G5,2026-09-07,7,14:34:07,Direct,1,0,1,0,C049,1
AE00668,GE0296,C049,G5,2026-09-07,7,16:10:22,Social,0,0,,,C059,1
AE00660,GE0293,C053,G5,2026-09-07,7,12:56:52,Direct,1,0,1,12,C053,1
AE00664,GE0294,C053,G5,2026-09-07,7,10:48:27,Social,0,0,,,C052,1
AE00677,GE0300,C053,G5,2026-09-07,7,16:11:40,Social,0,0,,,C054,1
AE00661,GE0293,C056,G5,2026-09-07,7,12:56:52,Social,0,0,,,C053,1
AE00665,GE0295,C056,G5,2026-09-07,7,10:40:25,Direct,1,1,0,0,C056,1
AE00669,GE0296,C056,G5,2026-09-07,7,16:10:22,Social,0,0,,,C059,1
AE00682,GE0302,C060,G5,2026-09-07,7,10:01:11,Social,0,0,,,C052,0
AE00663,GE0294,C052,G5,2026-09-07,7,10:48:27,Direct,1,0,1,2,C052,1
AE00675,GE0299,C052,G5,2026-09-07,7,15:51:55,Social,0,0,,,C051,1
AE00681,GE0302,C052,G5,2026-09-07,7,10:01:11,Direct,1,0,1,3,C052,1
AE00666,GE0295,C050,G5,2026-09-07,7,10:40:25,Social,0,0,,,C056,1
AE00674,GE0299,C050,G5,2026-09-07,7,15:51:55,Social,0,0,,,C051,1
AE00667,GE0296,C059,G5,2026-09-07,7,16:10:22,Direct,1,0,1,4,C059,1
AE00671,GE0297,C059,G5,2026-09-07,7,17:01:48,Social,0,0,,,C051,1
AE00680,GE0301,C059,G5,2026-09-07,7,12:21:23,Social,0,0,,,C057,1
AE00670,GE0297,C051,G5,2026-09-07,7,17:01:48,Direct,1,0,1,7,C051,1
AE00673,GE0299,C051,G5,2026-09-07,7,15:51:55,Direct,1,0,1,8,C051,1
AE00672,GE0298,C054,G5,2026-09-07,7,13:07:49,Direct,1,0,1,4,C054,1
AE00676,GE0300,C054,G5,2026-09-07,7,16:11:40,Direct,1,0,1,5,C054,1
AE00678,GE0301,C057,G5,2026-09-07,7,12:21:23,Direct,1,0,1,10,C057,1
AE00679,GE0301,C058,G5,2026-09-07,7,12:21:23,Social,0,0,,,C057,1
AE00683,GE0303,C066,G6,2026-09-07,7,11:09:05,Direct,1,1,0,2,C066,1
AE00692,GE0305,C066,G6,2026-09-07,7,13:28:57,Direct,1,1,0,3,C066,1
AE00695,GE0306,C066,G6,2026-09-07,7,17:49:43,Social,0,0,,,C068,1
AE00684,GE0303,C063,G6,2026-09-07,7,11:09:05,Social,0,0,,,C066,1
AE00698,GE0307,C063,G6,2026-09-07,7,13:38:16,Social,0,0,,,C069,1
AE00685,GE0303,C065,G6,2026-09-07,7,11:09:05,Social,0,0,,,C066,1
AE00687,GE0304,C065,G6,2026-09-07,7,10:22:49,Direct,1,0,1,2,C065,1
AE00686,GE0303,C067,G6,2026-09-07,7,11:09:05,Social,0,0,,,C066,1
AE00689,GE0304,C067,G6,2026-09-07,7,10:22:49,Social,0,0,,,C065,1
AE00696,GE0306,C067,G6,2026-09-07,7,17:49:43,Social,0,0,,,C068,1
AE00688,GE0304,C062,G6,2026-09-07,7,10:22:49,Social,0,0,,,C065,1
AE00701,GE0309,C062,G6,2026-09-07,7,09:00:16,Direct,1,1,0,1,C062,1
AE00690,GE0304,C068,G6,2026-09-07,7,10:22:49,Social,0,0,,,C065,1
AE00694,GE0306,C068,G6,2026-09-07,7,17:49:43,Direct,1,0,1,0,C068,1
AE00699,GE0307,C068,G6,2026-09-07,7,13:38:16,Social,0,0,,,C069,1
AE00691,GE0304,C072,G6,2026-09-07,7,10:22:49,Social,0,0,,,C065,1
AE00693,GE0305,C070,G6,2026-09-07,7,13:28:57,Social,0,0,,,C066,1
AE00697,GE0307,C069,G6,2026-09-07,7,13:38:16,Direct,1,0,1,11,C069,1
AE00700,GE0308,C071,G6,2026-09-07,7,10:35:41,Direct,1,0,1,19,C071,1
